Date,Coordinate,Soil Temperature (ºC),Conductivity (mS/cm),Soil Moisture (VWC)
2025-06-05,"(0,0)",25.13,0.03,19.03
2025-06-05,"(0,10)",25.37,0,27.17
2025-06-05,"(0,20)",24.93,0.01,29.5
2025-06-05,"(0,30)",25.77,0.05,28.73
2025-06-05,"(0,40)",26.4,0.01,25.73
2025-06-05,"(0,50)",26.53,0.01,32.7
2025-06-05,"(0,60)",26.37,0.01,25.07
2025-06-05,"(0,70)",27.13,0.03,29.07
2025-06-05,"(0,80)",26.4,0.01,26.87
2025-06-05,"(0,90)",26.1,0.01,21.7
2025-06-05,"(0,100)",26.1,0.01,20.6
2025-06-05,"(10,0)",25.5,0.02,23.77
2025-06-05,"(10,10)",25.7,0.01,30.67
2025-06-05,"(10,20)",25.23,0,30.03
2025-06-05,"(10,30)",24.63,0.02,29.6
2025-06-05,"(10,40)",26.8,0.01,21.47
2025-06-05,"(10,50)",27.1,0.01,20.07
2025-06-05,"(10,60)",26.8,0.01,20.7
2025-06-05,"(10,70)",26.4,0,23.03
2025-06-05,"(10,80)",26,0.01,25.23
2025-06-05,"(10,90)",26.4,0.02,22.93
2025-06-05,"(10,100)",26.1,0.02,17.33
2025-06-05,"(20,0)",25.1,0.1,34.5
2025-06-05,"(20,10)",25.8,0.03,24.77
2025-06-05,"(20,20)",25.1,0.01,23.3
2025-06-05,"(20,30)",24.8,0,25.9
2025-06-05,"(20,40)",26.8,0.01,21.17
2025-06-05,"(20,50)",25.7,0.02,21.93
2025-06-05,"(20,60)",26.73,0,32.6
2025-06-05,"(20,70)",26.7,0,16.4
2025-06-05,"(20,80)",26.17,0.01,23.2
2025-06-05,"(20,90)",26.47,0,20.13
2025-06-05,"(20,100)",26.07,0.01,16.7
2025-06-05,"(30,0)",25.37,0.01,21.53
2025-06-05,"(30,10)",26.37,0.01,26.07
2025-06-05,"(30,20)",24.97,0,29.63
2025-06-05,"(30,30)",24.97,0.02,25.97
2025-06-05,"(30,40)",26.47,0.02,20.23
2025-06-05,"(30,50)",27.17,0,23.93
2025-06-05,"(30,60)",26.7,0,40.07
2025-06-05,"(30,70)",27.03,0.02,25.27
2025-06-05,"(30,80)",26.3,0.01,24
2025-06-05,"(30,90)",26.37,0.01,26.73
2025-06-05,"(30,100)",26,0.03,31.17
2025-06-05,"(40,0)",25.7,0.01,24.63
2025-06-05,"(40,10)",26.63,0.03,23.3
2025-06-05,"(40,20)",24.23,0,23.27
2025-06-05,"(40,30)",25.03,0,23.43
2025-06-05,"(40,40)",26.6,0.01,18.87
2025-06-05,"(40,50)",27.07,0.01,18.13
2025-06-05,"(40,60)",26.67,0.04,31.53
2025-06-05,"(40,70)",27.3,0,22.13
2025-06-05,"(40,80)",26.57,0,23.7
2025-06-05,"(40,90)",26.07,0.02,27.2
2025-06-05,"(40,100)",26,0.01,25.2
2025-06-05,"(50,0)",25.77,0.01,22.47
2025-06-05,"(50,10)",25.97,0.02,23.47
2025-06-05,"(50,20)",25.3,0.01,21.7
2025-06-05,"(50,30)",25.13,0.01,28
2025-06-05,"(50,40)",26.33,0,20.17
2025-06-05,"(50,50)",26.6,0.01,30.13
2025-06-05,"(50,60)",27.13,0,22.67
2025-06-05,"(50,70)",27.47,0.04,26.63
2025-06-05,"(50,80)",26.23,0.01,18.7
2025-06-05,"(50,90)",26.4,0.02,24.87
2025-06-05,"(50,100)",26.1,0.03,21.67
2025-06-05,"(60,0)",26.63,0.01,21.13
2025-06-05,"(60,10)",25.17,0.01,21.97
2025-06-05,"(60,20)",25.47,0,25.1
2025-06-05,"(60,30)",25.63,0.02,26.73
2025-06-05,"(60,40)",26.37,0.01,15
2025-06-05,"(60,50)",26.53,0.03,24.27
2025-06-05,"(60,60)",27.27,0,16.4
2025-06-05,"(60,70)",26.9,0.02,17.07
2025-06-05,"(60,80)",26.17,0.04,26.7
2025-06-05,"(60,90)",26.47,0.03,26.53
2025-06-05,"(60,100)",26.87,0.05,38.53
2025-06-05,"(70,0)",25.57,0.01,24.13
2025-06-05,"(70,10)",25.4,0.02,29.7
2025-06-05,"(70,20)",25.63,0.01,25
2025-06-05,"(70,30)",25.87,0.01,28.8
2025-06-05,"(70,40)",25.77,0,18.03
2025-06-05,"(70,50)",26.6,0.01,19.4
2025-06-05,"(70,60)",26.4,0.01,14.57
2025-06-05,"(70,70)",26.8,0,18.4
2025-06-05,"(70,80)",25.87,0.02,16.77
2025-06-05,"(70,90)",26.1,0.08,44.3
2025-06-05,"(70,100)",26.5,0.01,20.43
2025-06-05,"(80,0)",25.4,0.02,26.03
2025-06-05,"(80,10)",25.1,0.03,28.93
2025-06-05,"(80,20)",25.9,0.01,19.17
2025-06-05,"(80,30)",25.7,0.02,26.83
2025-06-05,"(80,40)",24.77,0,25.2
2025-06-05,"(80,50)",26.47,0,21.77
2025-06-05,"(80,60)",26.57,0.02,28.13
2025-06-05,"(80,70)",27.27,0.01,32.23
2025-06-05,"(80,80)",26,0.06,41.23
2025-06-05,"(80,90)",25.9,0.02,19.33
2025-06-05,"(80,100)",27.17,0,5.6
2025-06-05,"(90,0)",25.6,0.02,20.7
2025-06-05,"(90,10)",25.53,0.02,29.7
2025-06-05,"(90,20)",26.6,0.02,24.3
2025-06-05,"(90,30)",26.67,0.02,25.33
2025-06-05,"(90,40)",25.17,0.02,28.6
2025-06-05,"(90,50)",25.95,0.01,24.9
2025-06-05,"(90,60)",26.37,0.03,38.6
2025-06-05,"(90,70)",26.2,0.08,42.43
2025-06-05,"(90,80)",26.2,0.03,32.2
2025-06-05,"(90,90)",26.27,0,13.57
2025-06-05,"(90,100)",27.2,0,21.73
2025-06-05,"(100,0)",25.6,0.02,29.47
2025-06-05,"(100,10)",25.9,0.03,27.2
2025-06-05,"(100,20)",27.37,0.01,28.97
2025-06-05,"(100,30)",27.2,0.01,24.23
2025-06-05,"(100,40)",25.83,0.01,32.23
2025-06-05,"(100,50)",26.03,0.02,31.77
2025-06-05,"(100,60)",26.4,0.02,33.1
2025-06-05,"(100,70)",25.4,0.2,54.67
2025-06-05,"(100,80)",26.1,0.04,10.47
2025-06-05,"(100,90)",26.47,0.01,14.67
2025-06-05,"(100,100)",27.47,0,12.73
2025-06-11,"(0,0)",23.87,0.01,29.1
2025-06-11,"(0,10)",24,0.01,28.53
2025-06-11,"(0,20)",22.9,0.03,35.4
2025-06-11,"(0,30)",22.9,0.03,36.13
2025-06-11,"(0,40)",23.2,0.03,32
2025-06-11,"(0,50)",23.13,0.02,34.43
2025-06-11,"(0,60)",22.7,0.01,26.63
2025-06-11,"(0,70)",22.63,0.05,33.23
2025-06-11,"(0,80)",21.93,0.06,29.97
2025-06-11,"(0,90)",22.03,0.03,30
2025-06-11,"(0,100)",20.07,0.04,25.17
2025-06-11,"(10,0)",23.8,0.04,31.73
2025-06-11,"(10,10)",24.1,0.01,35.63
2025-06-11,"(10,20)",23.3,0.02,35.93
2025-06-11,"(10,30)",23,0.04,33.37
2025-06-11,"(10,40)",23.23,0.03,27.37
2025-06-11,"(10,50)",23.03,0.03,30.73
2025-06-11,"(10,60)",22.9,0.02,30
2025-06-11,"(10,70)",22.47,0.02,26.53
2025-06-11,"(10,80)",22.17,0.02,32.87
2025-06-11,"(10,90)",22.4,0.03,25.27
2025-06-11,"(10,100)",19.9,0.04,27.73
2025-06-11,"(20,0)",23.8,0.04,36.67
2025-06-11,"(20,10)",23.8,0.04,31.1
2025-06-11,"(20,20)",23.3,0.02,28.77
2025-06-11,"(20,30)",23.1,0.02,30.57
2025-06-11,"(20,40)",23.3,0.03,34.43
2025-06-11,"(20,50)",22.87,0.05,28.53
2025-06-11,"(20,60)",22.9,0.02,32.47
2025-06-11,"(20,70)",22.2,0,28.6
2025-06-11,"(20,80)",22.17,0.02,33.33
2025-06-11,"(20,90)",22.4,0.02,25
2025-06-11,"(20,100)",20.1,0.03,22.27
2025-06-11,"(30,0)",23.77,0.03,27.33
2025-06-11,"(30,10)",23.8,0.02,31.37
2025-06-11,"(30,20)",23.23,0.04,38.83
2025-06-11,"(30,30)",23.1,0.03,30.93
2025-06-11,"(30,40)",23.3,0.03,27.5
2025-06-11,"(30,50)",22.8,0.03,29.33
2025-06-11,"(30,60)",22.9,0.06,42
2025-06-11,"(30,70)",22.1,0.04,32.4
2025-06-11,"(30,80)",22.1,0.02,29.23
2025-06-11,"(30,90)",22.47,0.04,30.87
2025-06-11,"(30,100)",20.03,0.03,35.4
2025-06-11,"(40,0)",23.67,0.03,29.63
2025-06-11,"(40,10)",23.7,0.03,31.7
2025-06-11,"(40,20)",23.2,0.04,31.23
2025-06-11,"(40,30)",23.07,0.03,28.37
2025-06-11,"(40,40)",23.33,0.02,26.4
2025-06-11,"(40,50)",22.73,0.02,26.83
2025-06-11,"(40,60)",22.8,0.03,34.3
2025-06-11,"(40,70)",22.1,0,30.77
2025-06-11,"(40,80)",22.13,0.02,28.03
2025-06-11,"(40,90)",22.57,0.01,33.67
2025-06-11,"(40,100)",20.1,0.03,33.73
2025-06-11,"(50,0)",23.6,0.02,41.17
2025-06-11,"(50,10)",23.6,0.03,30.07
2025-06-11,"(50,20)",23.1,0.02,30.17
2025-06-11,"(50,30)",23,0.02,34.6
2025-06-11,"(50,40)",23.37,0.02,28.07
2025-06-11,"(50,50)",22.63,0.03,34.97
2025-06-11,"(50,60)",22.73,0.02,27.33
2025-06-11,"(50,70)",22,0.04,32.03
2025-06-11,"(50,80)",22.17,0.02,26.47
2025-06-11,"(50,90)",22.8,0.02,30.7
2025-06-11,"(50,100)",20.23,0.08,36.63
2025-06-11,"(60,0)",23.7,0.02,25.67
2025-06-11,"(60,10)",23.5,0.01,26.83
2025-06-11,"(60,20)",23.07,0.03,33.8
2025-06-11,"(60,30)",22.97,0.04,38.73
2025-06-11,"(60,40)",23.2,0,19.27
2025-06-11,"(60,50)",22.6,0.05,31.13
2025-06-11,"(60,60)",22.7,0.01,26.03
2025-06-11,"(60,70)",22,0.03,24.9
2025-06-11,"(60,80)",22.23,0.03,33.83
2025-06-11,"(60,90)",22.93,0.03,33.2
2025-06-11,"(60,100)",20.3,0.09,45.7
2025-06-11,"(70,0)",23.6,0.01,29
2025-06-11,"(70,10)",23.2,0.01,31.6
2025-06-11,"(70,20)",23.4,0.04,37.27
2025-06-11,"(70,30)",22.9,0.04,33.3
2025-06-11,"(70,40)",23.2,0.03,25.53
2025-06-11,"(70,50)",22.67,0.02,28.3
2025-06-11,"(70,60)",22.7,0.03,22.97
2025-06-11,"(70,70)",22.13,0.02,27.07
2025-06-11,"(70,80)",22.33,0.02,29.23
2025-06-11,"(70,90)",23.27,0.07,45.7
2025-06-11,"(70,100)",20.63,0.02,27.33
2025-06-11,"(80,0)",23.6,0.05,34.63
2025-06-11,"(80,10)",23.3,0.04,34.47
2025-06-11,"(80,20)",23.23,0.02,24.83
2025-06-11,"(80,30)",22.93,0.02,32.47
2025-06-11,"(80,40)",23.17,0.02,29.13
2025-06-11,"(80,50)",22.7,0.03,30.03
2025-06-11,"(80,60)",22.7,0.04,35.75
2025-06-11,"(80,70)",22.17,0.03,33.27
2025-06-11,"(80,80)",22.33,0.07,47.6
2025-06-11,"(80,90)",23.3,0.01,31.87
2025-06-11,"(80,100)",21.07,0.02,19.93
2025-06-11,"(90,0)",23.67,0.03,28.63
2025-06-11,"(90,10)",23,0.04,37.5
2025-06-11,"(90,20)",23.1,0.04,28.4
2025-06-11,"(90,30)",23.17,0.06,38.8
2025-06-11,"(90,40)",23.1,0.03,34.07
2025-06-11,"(90,50)",22.7,0.03,34.57
2025-06-11,"(90,60)",22.7,0.03,39.73
2025-06-11,"(90,70)",22.5,0.09,48.23
2025-06-11,"(90,80)",22.4,0.05,39.7
2025-06-11,"(90,90)",23.2,0.02,27.6
2025-06-11,"(90,100)",21.27,0.02,27
2025-06-11,"(100,0)",23.7,0.04,33.17
2025-06-11,"(100,10)",22.97,0.03,32.1
2025-06-11,"(100,20)",23.03,0.02,33.2
2025-06-11,"(100,30)",23.17,0.01,30.6
2025-06-11,"(100,40)",23.07,0.05,35.33
2025-06-11,"(100,50)",22.7,0.05,38.07
2025-06-11,"(100,60)",22.7,0.05,40.77
2025-06-11,"(100,70)",22.6,0.19,54.23
2025-06-11,"(100,80)",22.4,0.02,17.5
2025-06-11,"(100,90)",22.63,0.02,21.93
2025-06-11,"(100,100)",22.1,0.02,22.37
2025-06-20,"(0,0)",21.73,0.04,21.4
2025-06-20,"(0,10)",21.3,0.03,27
2025-06-20,"(0,20)",21.3,0.03,33.4
2025-06-20,"(0,30)",21.87,0.03,35.73
2025-06-20,"(0,40)",21.9,0.03,29.5
2025-06-20,"(0,50)",22.9,0.03,34.37
2025-06-20,"(0,60)",22.9,0.01,26.4
2025-06-20,"(0,70)",23.4,0.04,29.3
2025-06-20,"(0,80)",23.43,0.01,26.9
2025-06-20,"(0,90)",23.93,0.04,28.7
2025-06-20,"(0,100)",24,0.02,28.63
2025-06-20,"(10,0)",21.53,0.03,24.3
2025-06-20,"(10,10)",21.47,0.01,33.67
2025-06-20,"(10,20)",21.47,0.02,29.6
2025-06-20,"(10,30)",21.83,0.03,32.87
2025-06-20,"(10,40)",22.2,0.01,26.93
2025-06-20,"(10,50)",23.03,0.02,27.5
2025-06-20,"(10,60)",23.03,0.02,27.5
2025-06-20,"(10,70)",23.27,0.03,29.37
2025-06-20,"(10,80)",23.5,0.04,30.37
2025-06-20,"(10,90)",23.87,0.02,20.4
2025-06-20,"(10,100)",23.9,0.05,25.73
2025-06-20,"(20,0)",21.17,0.08,34.7
2025-06-20,"(20,10)",21.5,0.01,25.97
2025-06-20,"(20,20)",21.43,0.02,29.63
2025-06-20,"(20,30)",21.8,0.01,29.83
2025-06-20,"(20,40)",22.4,0.04,30.57
2025-06-20,"(20,50)",22.57,0.06,27.73
2025-06-20,"(20,60)",22.9,0.01,33.1
2025-06-20,"(20,70)",23.13,0.04,28.87
2025-06-20,"(20,80)",23.5,0.03,29.93
2025-06-20,"(20,90)",23.8,0,22.53
2025-06-20,"(20,100)",24,0.04,25.57
2025-06-20,"(30,0)",20.8,0,22.4
2025-06-20,"(30,10)",21.5,0.01,28.87
2025-06-20,"(30,20)",21.5,0.02,36.67
2025-06-20,"(30,30)",21.8,0.03,26
2025-06-20,"(30,40)",22.37,0.03,26.77
2025-06-20,"(30,50)",22.5,0.01,23.67
2025-06-20,"(30,60)",22.9,0.05,41.27
2025-06-20,"(30,70)",23.03,0.03,25.23
2025-06-20,"(30,80)",23.5,0.03,26.1
2025-06-20,"(30,90)",23.8,0.02,26.17
2025-06-20,"(30,100)",24.1,0.05,34.13
2025-06-20,"(40,0)",20.7,0.01,25.57
2025-06-20,"(40,10)",21.27,0.03,28.27
2025-06-20,"(40,20)",21.57,0.01,23.07
2025-06-20,"(40,30)",21.8,0.05,26.67
2025-06-20,"(40,40)",22.3,0.02,21.13
2025-06-20,"(40,50)",22.5,0.02,21.77
2025-06-20,"(40,60)",22.87,0.03,36.03
2025-06-20,"(40,70)",23,0.02,29.4
2025-06-20,"(40,80)",23.5,0.03,28
2025-06-20,"(40,90)",23.8,0.02,30.07
2025-06-20,"(40,100)",24.1,0.03,26.3
2025-06-20,"(50,0)",20.7,0.02,37.5
2025-06-20,"(50,10)",21.2,0.01,26.5
2025-06-20,"(50,20)",21.67,0.02,26.07
2025-06-20,"(50,30)",21.8,0.05,33
2025-06-20,"(50,40)",22.6,0.01,24.93
2025-06-20,"(50,50)",22.47,0.03,32.9
2025-06-20,"(50,60)",22.8,0.02,25.63
2025-06-20,"(50,70)",22.93,0.03,27.37
2025-06-20,"(50,80)",23.6,0.02,17.33
2025-06-20,"(50,90)",23.7,0.02,21.13
2025-06-20,"(50,100)",24.1,0.04,25.67
2025-06-20,"(60,0)",20.7,0.01,23.23
2025-06-20,"(60,10)",21.1,0.02,26.67
2025-06-20,"(60,20)",21.83,0.01,33.3
2025-06-20,"(60,30)",21.83,0.03,35.47
2025-06-20,"(60,40)",22.87,0.01,19.9
2025-06-20,"(60,50)",22.4,0.03,27.63
2025-06-20,"(60,60)",22.73,0.02,22.27
2025-06-20,"(60,70)",22.93,0.04,22.53
2025-06-20,"(60,80)",23.27,0.02,23.6
2025-06-20,"(60,90)",23.73,0.04,30.33
2025-06-20,"(60,100)",24.1,0.05,34.07
2025-06-20,"(70,0)",20.83,0.01,27.03
2025-06-20,"(70,10)",21,0.03,32.93
2025-06-20,"(70,20)",21.97,0.03,35
2025-06-20,"(70,30)",21.93,0.01,31.47
2025-06-20,"(70,40)",22.73,0.02,23.23
2025-06-20,"(70,50)",22.3,0.02,22.17
2025-06-20,"(70,60)",22.7,0.01,19.67
2025-06-20,"(70,70)",23,0.02,25.5
2025-06-20,"(70,80)",23.4,0.01,20.37
2025-06-20,"(70,90)",23.63,0.08,40.37
2025-06-20,"(70,100)",24.1,0.03,20.83
2025-06-20,"(80,0)",20.97,0.04,28.4
2025-06-20,"(80,10)",21.1,0.03,31.5
2025-06-20,"(80,20)",22.1,0.03,23.07
2025-06-20,"(80,30)",22,0.05,36.57
2025-06-20,"(80,40)",22.6,0.03,28
2025-06-20,"(80,50)",22.2,0.04,24.2
2025-06-20,"(80,60)",22.7,0.06,32.47
2025-06-20,"(80,70)",23,0.02,26.93
2025-06-20,"(80,80)",23.3,0.07,40.57
2025-06-20,"(80,90)",23.6,0.01,24.4
2025-06-20,"(80,100)",24.1,0.08,24.27
2025-06-20,"(90,0)",21.1,0.02,21.83
2025-06-20,"(90,10)",20.97,0.03,33.87
2025-06-20,"(90,20)",22.03,0.04,27.77
2025-06-20,"(90,30)",22,0.06,34.6
2025-06-20,"(90,40)",22.4,0.02,28.77
2025-06-20,"(90,50)",22.27,0.04,26.53
2025-06-20,"(90,60)",22.8,0.03,36.63
2025-06-20,"(90,70)",23,0.11,45.4
2025-06-20,"(90,80)",23.4,0,25.3
2025-06-20,"(90,90)",23.6,0.03,25.1
2025-06-20,"(90,100)",24.1,0.02,24.1
2025-06-20,"(100,0)",21,0.03,29
2025-06-20,"(100,10)",20.73,0,27.3
2025-06-20,"(100,20)",22,0.03,32.8
2025-06-20,"(100,30)",22,0.03,27.6
2025-06-20,"(100,40)",22.3,0.04,28.6
2025-06-20,"(100,50)",22.3,0.03,29.07
2025-06-20,"(100,60)",22.9,0.06,35.77
2025-06-20,"(100,70)",22.9,0.21,53.4
2025-06-20,"(100,80)",23.47,0.04,19.27
2025-06-20,"(100,90)",23.5,0.02,18.13
2025-06-20,"(100,100)",24.1,0.03,15.13
2025-06-26,"(0,0)",21.7,0,13.67
2025-06-26,"(0,10)",21.67,0.02,21.13
2025-06-26,"(0,20)",21.63,0.01,23.53
2025-06-26,"(0,30)",21.7,0.02,23.53
2025-06-26,"(0,40)",22.2,0.02,14.2
2025-06-26,"(0,50)",22.3,0.01,22.8
2025-06-26,"(0,60)",22.53,0.01,17.23
2025-06-26,"(0,70)",22.53,0.02,15.47
2025-06-26,"(0,80)",23.13,0.03,14.97
2025-06-26,"(0,90)",23.17,0.03,15.4
2025-06-26,"(0,100)",22.47,0.06,15.43
2025-06-26,"(10,0)",21.7,0.01,16.53
2025-06-26,"(10,10)",21.63,0.03,20.37
2025-06-26,"(10,20)",21.73,0.02,22.93
2025-06-26,"(10,30)",21.77,0.02,21.37
2025-06-26,"(10,40)",22.23,0,14.03
2025-06-26,"(10,50)",22.27,0,13.57
2025-06-26,"(10,60)",22.47,0.02,19.87
2025-06-26,"(10,70)",22.53,0.01,13.47
2025-06-26,"(10,80)",23.03,0.03,21.43
2025-06-26,"(10,90)",23.17,0.02,15.8
2025-06-26,"(10,100)",22.37,0.06,9.2
2025-06-26,"(20,0)",21.63,0.05,26.57
2025-06-26,"(20,10)",21.6,0,15.3
2025-06-26,"(20,20)",21.63,0,19.93
2025-06-26,"(20,30)",21.73,0.01,21.93
2025-06-26,"(20,40)",22.1,0,16.03
2025-06-26,"(20,50)",22.53,0.02,15.57
2025-06-26,"(20,60)",23.07,0,22.9
2025-06-26,"(20,70)",22.53,0.01,12.13
2025-06-26,"(20,80)",23,0.04,20.37
2025-06-26,"(20,90)",23.13,0.02,12.27
2025-06-26,"(20,100)",22.3,0.04,14.7
2025-06-26,"(30,0)",21.67,0,15.33
2025-06-26,"(30,10)",21.6,0.01,18.4
2025-06-26,"(30,20)",21.5,0.01,26.67
2025-06-26,"(30,30)",21.7,0,13.5
2025-06-26,"(30,40)",22.1,0.01,12.63
2025-06-26,"(30,50)",22.5,0,14.43
2025-06-26,"(30,60)",22.9,0.06,32.75
2025-06-26,"(30,70)",22.47,0.03,19.6
2025-06-26,"(30,80)",23,0.02,17.23
2025-06-26,"(30,90)",23.1,0.04,20.83
2025-06-26,"(30,100)",22.17,0.06,23.47
2025-06-26,"(40,0)",21.63,0.01,17.6
2025-06-26,"(40,10)",21.57,0.02,19.87
2025-06-26,"(40,20)",21.53,0.02,14.83
2025-06-26,"(40,30)",21.7,0.01,16.77
2025-06-26,"(40,40)",22,0,10.27
2025-06-26,"(40,50)",22.5,0.03,13.73
2025-06-26,"(40,60)",22.73,0.02,28.1
2025-06-26,"(40,70)",22.47,0.01,11.53
2025-06-26,"(40,80)",23.03,0.01,16.1
2025-06-26,"(40,90)",23.1,0.02,12.53
2025-06-26,"(40,100)",22.17,0,16.07
2025-06-26,"(50,0)",21.63,0.01,17.6
2025-06-26,"(50,10)",21.63,0.02,16.37
2025-06-26,"(50,20)",21.5,0.01,19.3
2025-06-26,"(50,30)",21.8,0.01,19.37
2025-06-26,"(50,40)",21.8,0.01,14.57
2025-06-26,"(50,50)",22.43,0.02,24.3
2025-06-26,"(50,60)",22.63,0.02,14.73
2025-06-26,"(50,70)",22.5,0.02,13.93
2025-06-26,"(50,80)",23,0.02,12.93
2025-06-26,"(50,90)",23.1,0.01,11.57
2025-06-26,"(50,100)",22.23,0.06,13.87
2025-06-26,"(60,0)",21.73,0,11.87
2025-06-26,"(60,10)",21.53,0.02,17.87
2025-06-26,"(60,20)",21.5,0.01,22.2
2025-06-26,"(60,30)",21.8,0.02,20.3
2025-06-26,"(60,40)",21.6,0.01,9.5
2025-06-26,"(60,50)",22.4,0.07,23.9
2025-06-26,"(60,60)",22.57,0.02,10.63
2025-06-26,"(60,70)",22.57,0.01,11.17
2025-06-26,"(60,80)",23,0.01,19
2025-06-26,"(60,90)",23,0.02,17.2
2025-06-26,"(60,100)",22.37,0.04,21.33
2025-06-26,"(70,0)",21.9,0,13.8
2025-06-26,"(70,10)",21.6,0.04,24.83
2025-06-26,"(70,20)",21.5,0.02,25
2025-06-26,"(70,30)",21.7,0,20.47
2025-06-26,"(70,40)",21.67,0.01,10.5
2025-06-26,"(70,50)",22.33,0.01,16.03
2025-06-26,"(70,60)",22.5,0.03,8.57
2025-06-26,"(70,70)",22.57,0.01,13.73
2025-06-26,"(70,80)",23,0,11.7
2025-06-26,"(70,90)",22.97,0.09,34.03
2025-06-26,"(70,100)",22.4,0.01,9
2025-06-26,"(80,0)",21.93,0.01,11.63
2025-06-26,"(80,10)",21.5,0.01,16.73
2025-06-26,"(80,20)",21.5,0.03,7.73
2025-06-26,"(80,30)",21.63,0.02,18.2
2025-06-26,"(80,40)",21.67,0,16.77
2025-06-26,"(80,50)",22.3,0.02,14.9
2025-06-26,"(80,60)",22.4,0.03,22.7
2025-06-26,"(80,70)",22.87,0.03,22.87
2025-06-26,"(80,80)",23,0.07,33.4
2025-06-26,"(80,90)",22.95,0.02,13.4
2025-06-26,"(80,100)",22.53,0,3.07
2025-06-26,"(90,0)",21.93,0,10.17
2025-06-26,"(90,10)",21.5,0.01,17.97
2025-06-26,"(90,20)",21.5,0.01,13.43
2025-06-26,"(90,30)",21.67,0.04,19.77
2025-06-26,"(90,40)",21.6,0.01,16.63
2025-06-26,"(90,50)",22.33,0.01,11.73
2025-06-26,"(90,60)",22.4,0.02,19.63
2025-06-26,"(90,70)",22.9,0.09,37.03
2025-06-26,"(90,80)",23,0.01,14.37
2025-06-26,"(90,90)",22.9,0.01,8.63
2025-06-26,"(90,100)",22.6,0.01,12.13
2025-06-26,"(100,0)",22.13,0.02,16.1
2025-06-26,"(100,10)",21.43,0.01,16.9
2025-06-26,"(100,20)",21.37,0.01,20.5
2025-06-26,"(100,30)",21.6,0,11.47
2025-06-26,"(100,40)",21.6,0.01,13.97
2025-06-26,"(100,50)",22.37,0.03,15.17
2025-06-26,"(100,60)",22.33,0.04,24.77
2025-06-26,"(100,70)",22.93,0.19,51.97
2025-06-26,"(100,80)",22.97,0.02,9.67
2025-06-26,"(100,90)",22.77,0.01,7
2025-06-26,"(100,100)",22.67,0.02,8.93
2025-07-03,"(0,0)",23.1,0,13.2
2025-07-03,"(0,10)",25.43,0,16.13
2025-07-03,"(0,20)",25.53,0,19.17
2025-07-03,"(0,30)",26.4,0.03,20.67
2025-07-03,"(0,40)",26.4,0.03,18.67
2025-07-03,"(0,50)",26.7,0.01,23.3
2025-07-03,"(0,60)",26.73,0,13.73
2025-07-03,"(0,70)",27,0,14.37
2025-07-03,"(0,80)",27,0.02,16.5
2025-07-03,"(0,90)",27.1,0.01,17.83
2025-07-03,"(0,100)",27.13,0,15.33
2025-07-03,"(10,0)",23.2,0.01,14.37
2025-07-03,"(10,10)",25.43,0.02,19.03
2025-07-03,"(10,20)",25.9,0.01,22.57
2025-07-03,"(10,30)",26.37,0.01,22.27
2025-07-03,"(10,40)",26.2,0.01,14.4
2025-07-03,"(10,50)",26.63,0.01,15.4
2025-07-03,"(10,60)",27.3,0,21.1
2025-07-03,"(10,70)",26.93,0.01,16.2
2025-07-03,"(10,80)",26.83,0.02,19.3
2025-07-03,"(10,90)",27.17,0.01,19.8
2025-07-03,"(10,100)",27.5,0.03,13.87
2025-07-03,"(20,0)",23.2,0.03,19.9
2025-07-03,"(20,10)",25.4,0.01,16.7
2025-07-03,"(20,20)",25.8,0,17.73
2025-07-03,"(20,30)",26.33,0.01,18.63
2025-07-03,"(20,40)",26.17,0.01,18.2
2025-07-03,"(20,50)",26.6,0.03,15.43
2025-07-03,"(20,60)",27.2,0,16.83
2025-07-03,"(20,70)",26.9,0.01,16.03
2025-07-03,"(20,80)",26.87,0.02,22.23
2025-07-03,"(20,90)",27.2,0.02,11.57
2025-07-03,"(20,100)",27.57,0.02,14.53
2025-07-03,"(30,0)",23.2,0.02,14.7
2025-07-03,"(30,10)",25.4,0.01,18.13
2025-07-03,"(30,20)",25.8,0.01,18.23
2025-07-03,"(30,30)",26.3,0,15.87
2025-07-03,"(30,40)",26.1,0.03,18.33
2025-07-03,"(30,50)",26.6,0,14.2
2025-07-03,"(30,60)",27.2,0.01,23.97
2025-07-03,"(30,70)",26.9,0.01,15.43
2025-07-03,"(30,80)",26.87,0.01,15.93
2025-07-03,"(30,90)",27.2,0,19.33
2025-07-03,"(30,100)",27.7,0.02,22.63
2025-07-03,"(40,0)",23.2,0.03,17.07
2025-07-03,"(40,10)",25.2,0.03,20.47
2025-07-03,"(40,20)",25.8,0,16.07
2025-07-03,"(40,30)",26.3,0.01,21.77
2025-07-03,"(40,40)",26,0.01,15.13
2025-07-03,"(40,50)",26.5,0.01,17.1
2025-07-03,"(40,60)",27.17,0.02,28.63
2025-07-03,"(40,70)",26.9,0.01,10.7
2025-07-03,"(40,80)",26.8,0,14.7
2025-07-03,"(40,90)",27.23,0.01,12.73
2025-07-03,"(40,100)",27.63,0,11.03
2025-07-03,"(50,0)",23.43,0.03,20.17
2025-07-03,"(50,10)",24.97,0,18.3
2025-07-03,"(50,20)",25.87,0.03,21.1
2025-07-03,"(50,30)",26.3,0,20.7
2025-07-03,"(50,40)",26,0,14.83
2025-07-03,"(50,50)",26.47,0.02,18.93
2025-07-03,"(50,60)",27.1,0.01,15.73
2025-07-03,"(50,70)",26.9,0.02,16.23
2025-07-03,"(50,80)",26.87,0.01,15.9
2025-07-03,"(50,90)",27.2,0,14.63
2025-07-03,"(50,100)",27.57,0.01,13.1
2025-07-03,"(60,0)",23.6,0.02,15
2025-07-03,"(60,10)",24.9,0,16.67
2025-07-03,"(60,20)",26,0.01,23.93
2025-07-03,"(60,30)",26.3,0.02,16.43
2025-07-03,"(60,40)",26.1,0,11
2025-07-03,"(60,50)",26.4,0.05,26.17
2025-07-03,"(60,60)",27.1,0,11.23
2025-07-03,"(60,70)",26.93,0.02,10.57
2025-07-03,"(60,80)",26.9,0.02,21.5
2025-07-03,"(60,90)",27.2,0.01,20.07
2025-07-03,"(60,100)",27.57,0.01,13.1
2025-07-03,"(70,0)",23.6,0.01,17.13
2025-07-03,"(70,10)",24.8,0.01,22.27
2025-07-03,"(70,20)",26.1,0.01,20.8
2025-07-03,"(70,30)",26.3,0,22.7
2025-07-03,"(70,40)",26.2,0,14.53
2025-07-03,"(70,50)",26.4,0,13.6
2025-07-03,"(70,60)",27.1,0,10.43
2025-07-03,"(70,70)",26.97,0.02,14.53
2025-07-03,"(70,80)",26.9,0.01,13.07
2025-07-03,"(70,90)",27.2,0.12,40.23
2025-07-03,"(70,100)",27.5,0,8.6
2025-07-03,"(80,0)",23.7,0.02,13.1
2025-07-03,"(80,10)",24.8,0.03,19.63
2025-07-03,"(80,20)",26.1,0.01,11.07
2025-07-03,"(80,30)",26.3,0.02,22.1
2025-07-03,"(80,40)",26.3,0,18.93
2025-07-03,"(80,50)",26.37,0,12.9
2025-07-03,"(80,60)",27.07,0.01,13.2
2025-07-03,"(80,70)",27,0.01,18.3
2025-07-03,"(80,80)",26.93,0.07,29.93
2025-07-03,"(80,90)",27.13,0.02,17.47
2025-07-03,"(80,100)",27.5,0,10.07
2025-07-03,"(90,0)",23.8,0.03,15
2025-07-03,"(90,10)",24.63,0.02,18.8
2025-07-03,"(90,20)",26.1,0.02,14.23
2025-07-03,"(90,30)",26.3,0.03,24.57
2025-07-03,"(90,40)",26.3,0,16.43
2025-07-03,"(90,50)",26.33,0,13.63
2025-07-03,"(90,60)",27.07,0.01,17.77
2025-07-03,"(90,70)",27,0.07,32.8
2025-07-03,"(90,80)",26.93,0.02,14.27
2025-07-03,"(90,90)",27.03,0.01,8.8
2025-07-03,"(90,100)",27.43,0,12.17
2025-07-03,"(100,0)",23.9,0.02,17.83
2025-07-03,"(100,10)",24.03,0.02,18.9
2025-07-03,"(100,20)",26.2,0.02,23.03
2025-07-03,"(100,30)",26.2,0.01,13.6
2025-07-03,"(100,40)",26.3,0.01,14.6
2025-07-03,"(100,50)",26.3,0.01,13
2025-07-03,"(100,60)",27,0.05,23.6
2025-07-03,"(100,70)",27,0.28,53.27
2025-07-03,"(100,80)",27,0.02,17.77
2025-07-03,"(100,90)",27,0,9.77
2025-07-03,"(100,100)",,,
2025-07-16,"(0,0)",27.1,0,18
2025-07-16,"(10,0)",28.03,0.02,20.67
2025-07-16,"(20,0)",27.77,0.03,26.47
2025-07-16,"(30,0)",27.6,0,17.53
2025-07-16,"(40,0)",27.73,0.03,25
2025-07-16,"(50,0)",28.03,0,24.53
2025-07-16,"(60,0)",28.43,0,19.43
2025-07-16,"(70,0)",28.67,0,20.97
2025-07-16,"(80,0)",28.9,0.01,18.2
2025-07-16,"(90,0)",29.07,0.01,19.43
2025-07-16,"(100,0)",28.83,0.03,28.3
2025-07-16,"(0,10)",29.87,0.01,23.63
2025-07-16,"(10,10)",29.77,0,31.9
2025-07-16,"(20,10)",29.8,0,26.5
2025-07-16,"(30,10)",29.7,0.01,23.8
2025-07-16,"(40,10)",30.13,0.03,30.33
2025-07-16,"(50,10)",30.9,0,20.23
2025-07-16,"(60,10)",29.37,0,23.6
2025-07-16,"(70,10)",29.2,0,29.7
2025-07-16,"(80,10)",30,0.01,28.07
2025-07-16,"(90,10)",29.13,0,31.17
2025-07-16,"(100,10)",29.9,0.01,24.3
2025-07-16,"(0,20)",30.03,0,31.07
2025-07-16,"(10,20)",30.33,0.02,27.5
2025-07-16,"(20,20)",30.03,0,25.27
2025-07-16,"(30,20)",29.9,0,35.8
2025-07-16,"(40,20)",30.3,0.01,20.1
2025-07-16,"(50,20)",30.63,0.02,28.03
2025-07-16,"(60,20)",30.87,0,26.83
2025-07-16,"(70,20)",31,0,33.13
2025-07-16,"(80,20)",30.75,0.01,15.87
2025-07-16,"(90,20)",30.73,0,21.97
2025-07-16,"(100,20)",29.97,0,27
2025-07-16,"(0,30)",28.2,0.01,31.63
2025-07-16,"(10,30)",28.2,0.02,26.77
2025-07-16,"(20,30)",28.17,0.01,25.1
2025-07-16,"(30,30)",28,0.01,24.03
2025-07-16,"(40,30)",28.1,0,24.97
2025-07-16,"(50,30)",27.8,0,33.5
2025-07-16,"(60,30)",28.17,0.01,27.83
2025-07-16,"(70,30)",28.23,0.01,35.7
2025-07-16,"(80,30)",28.63,0.01,24.87
2025-07-16,"(90,30)",29.77,0,26.27
2025-07-16,"(100,30)",29.77,0,13.73
2025-07-16,"(0,40)",29.53,0,19.53
2025-07-16,"(10,40)",28.23,0,18.97
2025-07-16,"(20,40)",28.43,0.01,26.23
2025-07-16,"(30,40)",28.83,0,11.53
2025-07-16,"(40,40)",28.7,0,12.07
2025-07-16,"(50,40)",28.53,0,25.5
2025-07-16,"(60,40)",28.13,0.01,12.17
2025-07-16,"(70,40)",28.4,0,17.57
2025-07-16,"(80,40)",28.23,0,24.97
2025-07-16,"(90,40)",29.8,0.02,28.57
2025-07-16,"(100,40)",28.17,0.01,27.23
2025-07-16,"(0,50)",29.933,0.02,27.9
2025-07-16,"(10,50)",29.4,0.01,22.2
2025-07-16,"(20,50)",29.3,0,16.53
2025-07-16,"(30,50)",29.8,0,16.13
2025-07-16,"(40,50)",28.7,0.01,19.7
2025-07-16,"(50,50)",28.57,0.03,26.57
2025-07-16,"(60,50)",28.43,0.02,30.33
2025-07-16,"(70,50)",28.37,0,17.7
2025-07-16,"(80,50)",28.03,0,15.37
2025-07-16,"(90,50)",28.53,0.03,25.3
2025-07-16,"(100,50)",28.27,0.02,23.73
2025-07-16,"(0,60)",29.37,0,17.57
2025-07-16,"(10,60)",30,0.01,22.8
2025-07-16,"(20,60)",30,0,20.13
2025-07-16,"(30,60)",30.03,0.03,21.23
2025-07-16,"(40,60)",29.9,0.04,32.97
2025-07-16,"(50,60)",29.43,0,21.1
2025-07-16,"(60,60)",29.3,0.01,18.83
2025-07-16,"(70,60)",29.17,0.01,9.2
2025-07-16,"(80,60)",29.3,0.06,31.93
2025-07-16,"(90,60)",29.3,0.01,20.87
2025-07-16,"(100,60)",29.3,0.04,32
2025-07-16,"(0,70)",30.7,0.01,20.63
2025-07-16,"(10,70)",30.6,0.01,16.2
2025-07-16,"(20,70)",30.6,0.01,22.83
2025-07-16,"(30,70)",30.67,0,24.77
2025-07-16,"(40,70)",31.1,0.01,24.43
2025-07-16,"(50,70)",30.27,0,21.07
2025-07-16,"(60,70)",29.87,0,13.2
2025-07-16,"(70,70)",29.73,0,17.87
2025-07-16,"(80,70)",29.13,0,25.8
2025-07-16,"(90,70)",28.97,0.05,33.9
2025-07-16,"(100,70)",29.07,0.18,54.67
2025-07-16,"(0,80)",30.7,0,14.03
2025-07-16,"(10,80)",30.67,0,25.3
2025-07-16,"(20,80)",30.23,0.02,31.57
2025-07-16,"(30,80)",29.8,0,25.23
2025-07-16,"(40,80)",29.7,0,19.2
2025-07-16,"(50,80)",29.83,0,21.8
2025-07-16,"(60,80)",30,0.02,22.3
2025-07-16,"(70,80)",29.97,0,15.8
2025-07-16,"(80,80)",30.1,0.05,35.37
2025-07-16,"(90,80)",29.93,0.04,21.97
2025-07-16,"(100,80)",30,0.01,11
2025-07-16,"(0,90)",31.93,0.01,24.9
2025-07-16,"(10,90)",32.67,0,18.27
2025-07-16,"(20,90)",31.63,0.01,13.93
2025-07-16,"(30,90)",31.37,0.01,22.3
2025-07-16,"(40,90)",32.43,0.02,22.6
2025-07-16,"(50,90)",32.27,0.01,12.13
2025-07-16,"(60,90)",30.9,0.01,19.97
2025-07-16,"(70,90)",30.9,0.12,47.53
2025-07-16,"(80,90)",31.27,0,19.47
2025-07-16,"(90,90)",31.2,0,12.53
2025-07-16,"(100,90)",30.37,0,8.6
2025-07-16,"(0,100)",31.97,0.02,15.9
2025-07-16,"(10,100)",31.17,0.02,12.73
2025-07-16,"(20,100)",31.43,0.02,15.43
2025-07-16,"(30,100)",31.17,0.03,30.27
2025-07-16,"(40,100)",30.13,0,17.27
2025-07-16,"(50,100)",30.73,0.05,26.57
2025-07-16,"(60,100)",30.4,0.06,34.57
2025-07-16,"(70,100)",30.77,0.01,15
2025-07-16,"(80,100)",32.3,0.01,4.93
2025-07-16,"(90,100)",31.23,0,16.63
2025-07-16,"(100,100)",30.9,0.02,4.4
2025-07-23,"(0,0)",22.9,0,8.97
2025-07-23,"(10,0)",24.47,0.02,9.3
2025-07-23,"(20,0)",24.9,0.02,16.2
2025-07-23,"(30,0)",25.23,0,15.33
2025-07-23,"(40,0)",25.27,0.02,14.27
2025-07-23,"(50,0)",25.63,0,15.07
2025-07-23,"(60,0)",25.73,0,11.97
2025-07-23,"(70,0)",25.87,0.01,12
2025-07-23,"(80,0)",26.03,0,10.37
2025-07-23,"(90,0)",26.03,0,10.5
2025-07-23,"(100,0)",25.93,0.01,14.83
2025-07-23,"(0,10)",27.3,0,13.27
2025-07-23,"(10,10)",27.37,0,19.23
2025-07-23,"(20,10)",27.17,0,11.9
2025-07-23,"(30,10)",27.27,0,16.77
2025-07-23,"(40,10)",27.3,0.01,13.83
2025-07-23,"(50,10)",27.1,0,9.2
2025-07-23,"(60,10)",26.8,0,14.5
2025-07-23,"(70,10)",26.5,0,21.43
2025-07-23,"(80,10)",26.5,0.01,12.13
2025-07-23,"(90,10)",26.4,0,13.6
2025-07-23,"(100,10)",26.3,0,10.77
2025-07-23,"(0,20)",27.5,0,17.2
2025-07-23,"(10,20)",27.37,0,19.17
2025-07-23,"(20,20)",27.3,0,16.83
2025-07-23,"(30,20)",27.13,0.02,21.37
2025-07-23,"(40,20)",27.13,0.01,13.1
2025-07-23,"(50,20)",27.23,0,17.4
2025-07-23,"(60,20)",27.4,0,14.57
2025-07-23,"(70,20)",27.33,0.01,16.37
2025-07-23,"(80,20)",27.23,0,9.03
2025-07-23,"(90,20)",27.2,0.02,13.27
2025-07-23,"(100,20)",26.77,0.01,17.6
2025-07-23,"(0,30)",27.1,0.01,20.37
2025-07-23,"(10,30)",27.1,0.01,15.57
2025-07-23,"(20,30)",26.8,0,19.1
2025-07-23,"(30,30)",26.8,0.01,16.17
2025-07-23,"(40,30)",26.73,0.02,16.13
2025-07-23,"(50,30)",26.93,0,19.67
2025-07-23,"(60,30)",27.3,0.03,21.37
2025-07-23,"(70,30)",27.27,0,13.57
2025-07-23,"(80,30)",27.1,0.01,17.2
2025-07-23,"(90,30)",27,0.01,17.43
2025-07-23,"(100,30)",26.83,0,5.97
2025-07-23,"(0,40)",27.1,0.01,14
2025-07-23,"(10,40)",27.13,0,17.5
2025-07-23,"(20,40)",27.2,0,12.23
2025-07-23,"(30,40)",27.2,0,9.57
2025-07-23,"(40,40)",27.2,0.01,6.67
2025-07-23,"(50,40)",27.1,0,12.6
2025-07-23,"(60,40)",27.03,0,7.7
2025-07-23,"(70,40)",26.93,0,15.87
2025-07-23,"(80,40)",26.93,0,15.87
2025-07-23,"(90,40)",26.8,0.01,16.43
2025-07-23,"(100,40)",26.7,0,12.03
2025-07-23,"(0,50)",27.23,0,14.17
2025-07-23,"(10,50)",27.27,0,11.77
2025-07-23,"(20,50)",27.07,0.01,8.33
2025-07-23,"(30,50)",27,0.01,9.03
2025-07-23,"(40,50)",27,0,11.7
2025-07-23,"(50,50)",26.9,0,17.27
2025-07-23,"(60,50)",26.87,0.05,20.37
2025-07-23,"(70,50)",26.73,0,9.33
2025-07-23,"(80,50)",26.6,0.02,6.83
2025-07-23,"(90,50)",26.63,0,10.3
2025-07-23,"(100,50)",26.67,0,10.57
2025-07-23,"(0,60)",26.1,0.02,11.13
2025-07-23,"(10,60)",26.4,0.01,12.77
2025-07-23,"(20,60)",26.3,0,8.47
2025-07-23,"(30,60)",26.67,0,13.83
2025-07-23,"(40,60)",26.57,0.01,20.37
2025-07-23,"(50,60)",26.8,0.01,10.67
2025-07-23,"(60,60)",26.5,0.03,8.17
2025-07-23,"(70,60)",27.3,0.01,5.4
2025-07-23,"(80,60)",27.33,0,15.27
2025-07-23,"(90,60)",27.33,0.01,11.07
2025-07-23,"(100,60)",28.07,0.01,11.13
2025-07-23,"(0,70)",29.03,0.02,9.07
2025-07-23,"(10,70)",29.37,0.02,10.97
2025-07-23,"(20,70)",29.03,0,9.77
2025-07-23,"(30,70)",29.53,0,15.53
2025-07-23,"(40,70)",29.43,0,9.27
2025-07-23,"(50,70)",28,0,12.43
2025-07-23,"(60,70)",28.07,0.01,5.7
2025-07-23,"(70,70)",27.87,0.01,9.9
2025-07-23,"(80,70)",26.67,0.04,12.97
2025-07-23,"(90,70)",26.7,0.02,22.3
2025-07-23,"(100,70)",27.83,0.17,48
2025-07-23,"(0,80)",29.2,0,8
2025-07-23,"(10,80)",30.07,0,14.6
2025-07-23,"(20,80)",29.3,0,14.93
2025-07-23,"(30,80)",29.73,0,12.53
2025-07-23,"(40,80)",29.3,0,9.93
2025-07-23,"(50,80)",29.8,0,5.57
2025-07-23,"(60,80)",29.47,0,9.6
2025-07-23,"(70,80)",29.4,0,6.53
2025-07-23,"(80,80)",28.9,0.01,17.93
2025-07-23,"(90,80)",29.1,0.01,7.1
2025-07-23,"(100,80)",29.9,0,4.1
2025-07-23,"(0,90)",28.17,0,8.03
2025-07-23,"(10,90)",28.2,0.01,10.3
2025-07-23,"(20,90)",28.47,0,7.33
2025-07-23,"(30,90)",28.4,0.01,10.27
2025-07-23,"(40,90)",28.23,0,10.53
2025-07-23,"(50,90)",28.43,0,6.93
2025-07-23,"(60,90)",28.1,0.03,17.3
2025-07-23,"(70,90)",28.2,0.4,20.23
2025-07-23,"(80,90)",28.2,0,9.37
2025-07-23,"(90,90)",29.27,0,6.1
2025-07-23,"(100,90)",28.83,0,2.23
2025-07-23,"(0,100)",28.23,0.01,6.93
2025-07-23,"(10,100)",28.1,0,3.35
2025-07-23,"(20,100)",27.9,0,8.37
2025-07-23,"(30,100)",27.8,0,14.97
2025-07-23,"(40,100)",27.83,0.01,9.37
2025-07-23,"(50,100)",28.7,0.02,
2025-07-23,"(60,100)",27.9,0.02,20.6
2025-07-23,"(70,100)",27.9,0,1.73
2025-07-23,"(80,100)",28,0,0.93
2025-07-23,"(90,100)",28.03,0.01,3.67
2025-07-23,"(100,100)",28,0,2.7